,동,등록 자동차 수
0,개포1동,23
1,개포2동,119
2,개포4동,69
3,논현1동,66
4,논현2동,103
5,대치1동,4256
6,대치2동,1619
7,대치4동,3058
8,도곡1동,105
9,도곡2동,142
10,삼성1동,131
11,삼성2동,132
12,세곡동,194
13,수서동,61
14,신사동,60
15,압구정동,83
16,역삼1동,648
17,역삼2동,221
18,일원1동,36
19,일원2동,101
20,일원본동,59
21,청담동,146
22,강일동,137
23,고덕1동,83
24,고덕2동,94
25,길동,152
26,둔촌1동,6
27,둔촌2동,44
28,명일1동,58
29,명일2동,34
30,상일동,104
31,상일제1동,62
32,상일제2동,8
33,성내1동,64
34,성내2동,76
35,성내3동,42
36,암사1동,58
37,암사2동,38
38,암사3동,38
39,천호1동,72
40,천호2동,46
41,천호3동,57
42,미아동,30
43,번1동,23
44,번2동,34
45,번3동,61
46,삼각산동,55
47,삼양동,34
48,송중동,33
49,송천동,29
50,수유1동,24
51,수유2동,22
52,수유3동,47
53,우이동,36
54,인수동,68
55,가양1동,449
56,가양2동,23
57,가양3동,32
58,공항동,166
59,등촌1동,66
60,등촌2동,31
61,등촌3동,49
62,발산1동,173
63,방화1동,97
64,방화2동,105
65,방화3동,41
66,염창동,94
67,우장산동,73
68,화곡1동,85
69,화곡2동,19
70,화곡3동,26
71,화곡4동,22
72,화곡6동,48
73,화곡8동,40
74,화곡본동,40
75,낙성대동,22
76,난곡동,21
77,난향동,26
78,남현동,18
79,대학동,70
80,미성동,34
81,보라매동,36
82,삼성동,29
83,서림동,38
84,서원동,27
85,성현동,46
86,신림동,26
87,신사동,27
88,신원동,14
89,은천동,57
90,인헌동,36
91,조원동,29
92,중앙동,21
93,청룡동,101
94,청림동,19
95,행운동,33
96,광장동,64
97,구의1동,37
98,구의2동,44
99,구의3동,47
100,군자동,32
101,능동,21
102,자양1동,76
103,자양2동,43
104,자양3동,73
105,자양4동,22
106,중곡1동,24
107,중곡2동,19
108,중곡3동,15
109,중곡4동,47
110,화양동,26
111,가리봉동,8
112,개봉1동,65
113,개봉2동,34
114,개봉3동,13
115,고척1동,52
116,고척2동,42
117,구로1동,1367
118,구로2동,148
119,구로3동,96
120,구로4동,1543
121,구로5동,72
122,수궁동,36
123,신도림동,77
124,오류1동,37
125,오류2동,78
126,항동,65
127,가산동,131
128,독산1동,124
129,독산2동,19
130,독산3동,31
131,독산4동,20
132,시흥1동,83
133,시흥2동,32
134,시흥3동,27
135,시흥4동,24
136,시흥5동,39
137,공릉1동,72
138,공릉2동,65
139,상계10동,25
140,상계1동,127
141,상계2동,47
142,상계3.4동,66
143,상계5동,30
144,상계6.7동,50
145,상계8동,32
146,상계9동,25
147,월계1동,46
148,월계2동,42
149,월계3동,45
150,중계1동,37
151,중계2.3동,48
152,중계4동,40
153,중계본동,30
154,하계1동,41
155,하계2동,21
156,도봉1동,56
157,도봉2동,48
158,방학1동,139
159,방학2동,28
160,방학3동,43
161,쌍문1동,47
162,쌍문2동,31
163,쌍문3동,15
164,쌍문4동,18
165,창1동,55
166,창2동,44
167,창3동,22
168,창4동,52
169,창5동,39
170,답십리1동,84
171,답십리2동,63
172,용신동,82
173,이문1동,23
174,이문2동,26
175,장안1동,74
176,장안2동,73
177,전농1동,62
178,전농2동,37
179,제기동,33
180,청량리동,37
181,회기동,7
182,휘경1동,14
183,휘경2동,41
184,노량진1동,74
185,노량진2동,18
186,대방동,50
187,사당1동,34
188,사당2동,48
189,사당3동,48
190,사당4동,27
191,사당5동,21
192,상도1동,90
193,상도2동,46
194,상도3동,30
195,상도4동,41
196,신대방1동,68
197,신대방2동,49
198,흑석동,66
199,공덕동,120
200,대흥동,25
201,도화동,43
202,망원1동,54
203,망원2동,39
204,상암동,126
205,서강동,70
206,서교동,69
207,성산1동,53
208,성산2동,95
209,신수동,49
210,아현동,65
211,연남동,33
212,염리동,85
213,용강동,65
214,합정동,71
215,남가좌1동,44
216,남가좌2동,54
217,북가좌1동,56
218,북가좌2동,50
219,북아현동,33
220,신촌동,28
221,연희동,120
222,천연동,26
223,충현동,66
224,홍은1동,47
225,홍은2동,58
226,홍제1동,42
227,홍제2동,18
228,홍제3동,21
229,내곡동,125
230,반포1동,146
231,반포2동,153
232,반포3동,62
233,반포4동,81
234,반포본동,63
235,방배1동,62
236,방배2동,38
237,방배3동,35
238,방배4동,61
239,방배본동,66
240,서초1동,1014
241,서초2동,117
242,서초3동,221
243,서초4동,111
244,양재1동,982
245,양재2동,226
246,잠원동,53
247,금호1가동,32
248,금호2.3가동,38
249,금호4가동,46
250,마장동,129
251,사근동,24
252,성수1가1동,526
253,성수1가2동,144
254,성수2가1동,105
255,성수2가3동,54
256,송정동,16
257,옥수동,94
258,왕십리2동,24
259,왕십리도선동,71
260,용답동,55
261,응봉동,20
262,행당1동,82
263,행당2동,34
264,길음1동,72
265,길음2동,49
266,돈암1동,26
267,돈암2동,62
268,동선동,10
269,보문동,37
270,삼선동,66
271,석관동,54
272,성북동,46
273,안암동,17
274,월곡1동,19
275,월곡2동,49
276,장위1동,42
277,장위2동,20
278,장위3동,39
279,정릉1동,115
280,정릉2동,45
281,정릉3동,20
282,정릉4동,40
283,종암동,72
284,가락1동,148
285,가락2동,75
286,가락본동,54
287,거여1동,24
288,거여2동,42
289,마천1동,36
290,마천2동,43
291,문정1동,95
292,문정2동,102
293,방이1동,49
294,방이2동,71
295,삼전동,69
296,석촌동,62
297,송파1동,49
298,송파2동,45
299,오금동,97
300,오륜동,34
301,위례동,163
302,잠실2동,126
303,잠실3동,97
304,잠실4동,95
305,잠실6동,99
306,잠실7동,23
307,잠실본동,75
308,장지동,72
309,풍납1동,33
310,풍납2동,54
311,목1동,102
312,목2동,36
313,목3동,35
314,목4동,39
315,목5동,95
316,신월1동,42
317,신월2동,28
318,신월3동,28
319,신월4동,38
320,신월5동,28
321,신월6동,49
322,신월7동,34
323,신정1동,125
324,신정2동,58
325,신정3동,89
326,신정4동,50
327,신정6동,74
328,신정7동,39
329,당산1동,86
330,당산2동,93
331,대림1동,37
332,대림2동,15
333,대림3동,44
334,도림동,35
335,문래동,103
336,신길1동,22
337,신길3동,24
338,신길4동,24
339,신길5동,23
340,신길6동,28
341,신길7동,61
342,양평1동,39
343,양평2동,86
344,여의동,1545
345,영등포동,102
346,영등포본동,42
347,남영동,18
348,보광동,17
349,서빙고동,35
350,용문동,25
351,용산2가동,14
352,원효로1동,81
353,원효로2동,45
354,이촌1동,275
355,이촌2동,49
356,이태원1동,61
357,이태원2동,15
358,청파동,27
359,한강로동,129
360,한남동,113
361,효창동,16
362,후암동,37
363,갈현1동,25
364,갈현2동,27
365,구산동,48
366,녹번동,108
367,대조동,20
368,불광1동,57
369,불광2동,22
370,수색동,26
371,신사1동,52
372,신사2동,46
373,역촌동,61
374,응암1동,60
375,응암2동,75
376,응암3동,27
377,증산동,30
378,진관동,197
379,가회동,19
380,교남동,39
381,무악동,18
382,부암동,30
383,사직동,142
384,삼청동,9
385,숭인1동,10
386,숭인2동,8
387,이화동,23
388,종로1.2.3.4가동,122
389,종로5.6가동,9
390,창신1동,7
391,창신2동,6
392,창신3동,8
393,청운효자동,51
394,평창동,82
395,혜화동,23
396,광희동,43
397,다산동,38
398,동화동,12
399,명동,200
400,소공동,307
401,신당5동,18
402,신당동,26
403,약수동,36
404,을지로동,9
405,장충동,25
406,중림동,44
407,청구동,28
408,필동,30
409,황학동,31
410,회현동,103
411,망우3동,52
412,망우본동,89
413,면목2동,56
414,면목3.8동,29
415,면목4동,35
416,면목5동,26
417,면목7동,34
418,면목본동,33
419,묵1동,60
420,묵2동,23
421,상봉1동,48
422,상봉2동,36
423,신내1동,90
424,신내2동,76
425,중화1동,29
426,중화2동,34
